k;silhouette;davies_bouldin;calinski_harabasz;algoritmo
5;0.40917053902551603;0.8178850325873499;16072.483278764063;HAC
