k;silhouette;davies_bouldin;calinski_harabasz;algoritmo
7;0.40789597285871754;0.7751469190786846;17540.670564310847;KMedoids
