min_cluster_size;dbcv_score;percentual_ruido
30;0.21260471433134523;52.55679769203029
