k;silhouette;davies_bouldin;calinski_harabasz;algoritmo
5;0.40897161251295744;0.8162089466139004;16920.551613660184;KMeans
